Salesman,Sam,Peter,John,Rick,Lenny,Paul,Steve
Oranges,19441.5648,22913.2728,1041.5124,7406.3104,7637.7576,3182.399,2227.6793
Apples,25922.0864,7637.7576,2430.1956,2545.9192,35411.4216,867.927,3442.7771
Grapes,9720.7824,23549.7526,15275.5152,1620.1304,8332.0992,1808.18125,303.77445
Figs,6480.5216,1909.4394,4166.0496,8563.5464,6249.0744,795.59975,2328.93745
Mangos,19441.5648,7637.7576,11803.8072,3008.8136,11803.8072,578.618,1822.6467
